type,id,subreddit.id,subreddit.name,subreddit.nsfw,created_utc,permalink,domain,url,selftext,title,score
post,ttdab1,2s5ti,meirl,false,1648771149,https://old.reddit.com/r/meirl/comments/ttdab1/meirl/,i.imgur.com,https://i.imgur.com/ucZiw34.jpg,,meirl,93
post,ttd0r4,2s5ti,meirl,false,1648770296,https://old.reddit.com/r/meirl/comments/ttd0r4/me_irl/,i.redd.it,https://i.redd.it/x8sehlq23tq81.jpg,,Me_irl,1
post,ttd04u,2s5ti,meirl,false,1648770242,https://old.reddit.com/r/meirl/comments/ttd04u/meirl/,i.redd.it,https://i.redd.it/p86ehgxw2tq81.jpg,,Meirl,605
post,ttc7og,2s5ti,meirl,false,1648767776,https://old.reddit.com/r/meirl/comments/ttc7og/meirl/,imgur.com,https://imgur.com/KIU84VZ.jpeg,,meirl,67
post,ttc58g,2s5ti,meirl,false,1648767600,https://old.reddit.com/r/meirl/comments/ttc58g/me_irl/,i.redd.it,https://i.redd.it/to2ot762vsq81.jpg,,me irl,32
post,ttc1qh,2s5ti,meirl,false,1648767299,https://old.reddit.com/r/meirl/comments/ttc1qh/meirl/,i.redd.it,https://i.redd.it/rxur9tl5usq81.jpg,,meirl,34
post,ttbzp1,2s5ti,meirl,false,1648767122,https://old.reddit.com/r/meirl/comments/ttbzp1/meirl/,i.redd.it,https://i.redd.it/0bd45q1ntsq81.jpg,,Meirl,27
post,ttbv93,2s5ti,meirl,false,1648766739,https://old.reddit.com/r/meirl/comments/ttbv93/meirl/,i.redd.it,https://i.redd.it/bxfvfw1issq81.jpg,,Meirl,144
post,ttbnpo,2s5ti,meirl,false,1648766096,https://old.reddit.com/r/meirl/comments/ttbnpo/meirl/,i.redd.it,https://i.redd.it/gnf42s5lqsq81.jpg,,Meirl,309
post,ttb8c3,2s5ti,meirl,false,1648764855,https://old.reddit.com/r/meirl/comments/ttb8c3/me_irl/,i.redd.it,https://i.redd.it/990cmy4wmsq81.jpg,,Me irl,37
post,ttb2cr,2s5ti,meirl,false,1648764384,https://old.reddit.com/r/meirl/comments/ttb2cr/meirl/,i.redd.it,https://i.redd.it/qocvsgvhlsq81.jpg,,meirl,1
post,ttapjb,2s5ti,meirl,false,1648763425,https://old.reddit.com/r/meirl/comments/ttapjb/meirl/,i.redd.it,https://i.redd.it/5i0wvn8nisq81.jpg,,Meirl,1
post,ttaogn,2s5ti,meirl,false,1648763343,https://old.reddit.com/r/meirl/comments/ttaogn/was_the_best/,i.redd.it,,[deleted],Was the best!,1
post,tt9v20,2s5ti,meirl,false,1648761063,https://old.reddit.com/r/meirl/comments/tt9v20/meirl/,i.redd.it,https://i.redd.it/xqq467fmbsq81.jpg,,meirl,3006
post,tt9tmq,2s5ti,meirl,false,1648760958,https://old.reddit.com/r/meirl/comments/tt9tmq/make_money_online_easy_at_home/,youtu.be,https://youtu.be/pXEBUIG4cnI,,Make money online easy at home,1
post,tt9jsj,2s5ti,meirl,false,1648760224,https://old.reddit.com/r/meirl/comments/tt9jsj/meirl/,i.redd.it,https://i.redd.it/vksgo0939sq81.jpg,,meirl,25
post,tt9fg4,2s5ti,meirl,false,1648759882,https://old.reddit.com/r/meirl/comments/tt9fg4/meirl/,i.redd.it,https://i.redd.it/zvq0uty38sq81.jpg,,meirl,740
post,tt9e1u,2s5ti,meirl,false,1648759777,https://old.reddit.com/r/meirl/comments/tt9e1u/meirl/,i.redd.it,https://i.redd.it/3sje81gs7sq81.png,,Meirl,13505
post,tt9dgc,2s5ti,meirl,false,1648759729,https://old.reddit.com/r/meirl/comments/tt9dgc/me_irl/,i.redd.it,https://i.redd.it/2aus2lnn7sq81.png,,me irl,150
post,tt9c92,2s5ti,meirl,false,1648759638,https://old.reddit.com/r/meirl/comments/tt9c92/meirl/,i.redd.it,https://i.redd.it/8dy5qhud7sq81.jpg,,meirl,217
post,tt8v9v,2s5ti,meirl,false,1648758398,https://old.reddit.com/r/meirl/comments/tt8v9v/meirl/,i.redd.it,https://i.redd.it/fzk526zo3sq81.jpg,,meirl,73
post,tt8sps,2s5ti,meirl,false,1648758210,https://old.reddit.com/r/meirl/comments/tt8sps/me_irl/,i.redd.it,https://i.redd.it/vajyf7053sq81.jpg,,me_irl,5
post,tt8f3t,2s5ti,meirl,false,1648757173,https://old.reddit.com/r/meirl/comments/tt8f3t/meirl/,i.redd.it,https://i.redd.it/q6karg510sq81.jpg,,meirl,165
post,tt8bw8,2s5ti,meirl,false,1648756932,https://old.reddit.com/r/meirl/comments/tt8bw8/meirl/,i.redd.it,https://i.redd.it/ggwbhbxbzrq81.jpg,,meirl,245
post,tt7me2,2s5ti,meirl,false,1648754989,https://old.reddit.com/r/meirl/comments/tt7me2/me_irl/,i.redd.it,https://i.redd.it/g6b2sh5ktrq81.jpg,,Me irl,5
post,tt7jb8,2s5ti,meirl,false,1648754743,https://old.reddit.com/r/meirl/comments/tt7jb8/meirl/,i.redd.it,https://i.redd.it/gdzgunstsrq81.jpg,,meirl,7
post,tt7iur,2s5ti,meirl,false,1648754707,https://old.reddit.com/r/meirl/comments/tt7iur/meirl/,i.imgur.com,https://i.imgur.com/0DUXoRH.jpg,,meirl,1
post,tt7igz,2s5ti,meirl,false,1648754674,https://old.reddit.com/r/meirl/comments/tt7igz/meirl/,i.imgur.com,https://i.imgur.com/zhbaPRp.jpg,,meirl,4518
post,tt7ibq,2s5ti,meirl,false,1648754662,https://old.reddit.com/r/meirl/comments/tt7ibq/meirl/,i.imgur.com,https://i.imgur.com/2lplhZS.jpg,,meirl,296
post,tt7i87,2s5ti,meirl,false,1648754655,https://old.reddit.com/r/meirl/comments/tt7i87/meirl/,i.imgur.com,https://i.imgur.com/qDuM475.jpg,,meirl,1931
post,tt7i0d,2s5ti,meirl,false,1648754639,https://old.reddit.com/r/meirl/comments/tt7i0d/meirl/,i.imgur.com,https://i.imgur.com/MlbTwlV.jpg,,meirl,1
post,tt7hwp,2s5ti,meirl,false,1648754631,https://old.reddit.com/r/meirl/comments/tt7hwp/meirl/,i.imgur.com,https://i.imgur.com/odzDMuc.jpg,,meirl,1
post,tt7hon,2s5ti,meirl,false,1648754613,https://old.reddit.com/r/meirl/comments/tt7hon/meirl/,i.imgur.com,https://i.imgur.com/qywPux4.jpg,,meirl,176
post,tt7hla,2s5ti,meirl,false,1648754605,https://old.reddit.com/r/meirl/comments/tt7hla/meirl/,i.imgur.com,https://i.imgur.com/0iYIWvj.jpg,,meirl,21
post,tt7hi7,2s5ti,meirl,false,1648754598,https://old.reddit.com/r/meirl/comments/tt7hi7/alright_yall_lets_try_this_again/,i.redd.it,,[deleted],Alright y'all let's try this again,1
post,tt7hii,2s5ti,meirl,false,1648754598,https://old.reddit.com/r/meirl/comments/tt7hii/meirl/,i.imgur.com,https://i.imgur.com/CXqTKM7.jpg,,meirl,51
post,tt7hf3,2s5ti,meirl,false,1648754590,https://old.reddit.com/r/meirl/comments/tt7hf3/meirl/,i.imgur.com,https://i.imgur.com/WlrlXHx.jpg,,meirl,1
post,tt7h9t,2s5ti,meirl,false,1648754579,https://old.reddit.com/r/meirl/comments/tt7h9t/meirl/,i.imgur.com,https://i.imgur.com/pY0Q8sF.jpg,,meirl,66
post,tt7h9s,2s5ti,meirl,false,1648754579,https://old.reddit.com/r/meirl/comments/tt7h9s/meirl/,i.imgur.com,https://i.imgur.com/vJrfv0n.jpg,,meirl,114
post,tt7h8j,2s5ti,meirl,false,1648754576,https://old.reddit.com/r/meirl/comments/tt7h8j/meirl/,i.imgur.com,https://i.imgur.com/ioMO37C.pngg,,meirl,1
post,tt7h7y,2s5ti,meirl,false,1648754575,https://old.reddit.com/r/meirl/comments/tt7h7y/meirl/,i.imgur.com,https://i.imgur.com/dN7bKUB.jpg,,meirl,1
post,tt7gts,2s5ti,meirl,false,1648754544,https://old.reddit.com/r/meirl/comments/tt7gts/meirl/,i.imgur.com,https://i.imgur.com/L68J4U6.png,,meirl,27
post,tt7gsa,2s5ti,meirl,false,1648754541,https://old.reddit.com/r/meirl/comments/tt7gsa/meirl/,i.imgur.com,https://i.imgur.com/TZtsA1X.jpg,,meirl,119
post,tt7gie,2s5ti,meirl,false,1648754521,https://old.reddit.com/r/meirl/comments/tt7gie/meirl/,i.imgur.com,https://i.imgur.com/A3wrpBk.jpg,,meirl,1
post,tt7gga,2s5ti,meirl,false,1648754516,https://old.reddit.com/r/meirl/comments/tt7gga/meirl/,i.imgur.com,https://i.imgur.com/fXuAJU8.jpg,,meirl,127
post,tt7fz9,2s5ti,meirl,false,1648754479,https://old.reddit.com/r/meirl/comments/tt7fz9/meirl/,i.imgur.com,https://i.imgur.com/OF9uDEs.jpg,,meirl,159
post,tt7fsd,2s5ti,meirl,false,1648754467,https://old.reddit.com/r/meirl/comments/tt7fsd/meirl/,i.imgur.com,https://i.imgur.com/U3arZFg.jpg,,meirl,112
post,tt7fn6,2s5ti,meirl,false,1648754456,https://old.reddit.com/r/meirl/comments/tt7fn6/meirl/,i.imgur.com,https://i.imgur.com/a5bq0fF.jpg,,meirl,1
post,tt7fkk,2s5ti,meirl,false,1648754450,https://old.reddit.com/r/meirl/comments/tt7fkk/meirl/,i.imgur.com,https://i.imgur.com/a16n0bV.jpg,,meirl,110
post,tt7fkf,2s5ti,meirl,false,1648754450,https://old.reddit.com/r/meirl/comments/tt7fkf/meirl/,i.imgur.com,https://i.imgur.com/CJHfdsp.jpg,,meirl,1
post,tt7fj5,2s5ti,meirl,false,1648754448,https://old.reddit.com/r/meirl/comments/tt7fj5/meirl/,i.imgur.com,https://i.imgur.com/SZjS5Z4.jpg,,meirl,41
post,tt7f6j,2s5ti,meirl,false,1648754422,https://old.reddit.com/r/meirl/comments/tt7f6j/meirl/,i.imgur.com,https://i.imgur.com/QtqUhd9.png,,meirl,102
post,tt7f1s,2s5ti,meirl,false,1648754412,https://old.reddit.com/r/meirl/comments/tt7f1s/meirl/,i.imgur.com,https://i.imgur.com/Ta1wSth.jpg,,meirl,1
post,tt7emi,2s5ti,meirl,false,1648754384,https://old.reddit.com/r/meirl/comments/tt7emi/meirl/,i.imgur.com,https://i.imgur.com/VY4jit3.png,,meirl,1
post,tt7ekr,2s5ti,meirl,false,1648754381,https://old.reddit.com/r/meirl/comments/tt7ekr/meirl/,i.redd.it,,[deleted],meirl,1
post,tt7ejz,2s5ti,meirl,false,1648754379,https://old.reddit.com/r/meirl/comments/tt7ejz/meirl/,i.imgur.com,https://i.imgur.com/aNMJepX.jpg,,meirl,21
post,tt7eee,2s5ti,meirl,false,1648754366,https://old.reddit.com/r/meirl/comments/tt7eee/meirl/,i.imgur.com,https://i.imgur.com/hoNrWkW.png,,meirl,144
post,tt7ecm,2s5ti,meirl,false,1648754363,https://old.reddit.com/r/meirl/comments/tt7ecm/meirl/,i.imgur.com,https://i.imgur.com/ZOys1hZ.jpg,,meirl,1
post,tt7eb5,2s5ti,meirl,false,1648754359,https://old.reddit.com/r/meirl/comments/tt7eb5/meirl/,i.imgur.com,https://i.imgur.com/zUhAPwn.jpg,,meirl,64
post,tt7e5p,2s5ti,meirl,false,1648754351,https://old.reddit.com/r/meirl/comments/tt7e5p/meirl/,i.imgur.com,https://i.imgur.com/b4gO6VN.jpg,,meirl,5
post,tt7e18,2s5ti,meirl,false,1648754342,https://old.reddit.com/r/meirl/comments/tt7e18/meirl/,i.imgur.com,https://i.imgur.com/qwdd3Ac.jpg,,meirl,31
post,tt7dpm,2s5ti,meirl,false,1648754317,https://old.reddit.com/r/meirl/comments/tt7dpm/meirl/,i.imgur.com,https://i.imgur.com/bB83wFg.jpg,,meirl,1
post,tt7di7,2s5ti,meirl,false,1648754303,https://old.reddit.com/r/meirl/comments/tt7di7/meirl/,i.imgur.com,https://i.imgur.com/WaEIQGD.jpg,,meirl,1
post,tt7di2,2s5ti,meirl,false,1648754303,https://old.reddit.com/r/meirl/comments/tt7di2/meirl/,i.imgur.com,https://i.imgur.com/eGiP6sj.jpg,,meirl,414
post,tt7di4,2s5ti,meirl,false,1648754303,https://old.reddit.com/r/meirl/comments/tt7di4/meirl/,i.imgur.com,https://i.imgur.com/MOY62ic.jpg,,meirl,398
post,tt7dhf,2s5ti,meirl,false,1648754302,https://old.reddit.com/r/meirl/comments/tt7dhf/meirl/,i.imgur.com,https://i.imgur.com/rN1ygTw.jpg,,meirl,1
post,tt7d9v,2s5ti,meirl,false,1648754286,https://old.reddit.com/r/meirl/comments/tt7d9v/meirl/,i.imgur.com,https://i.imgur.com/EV5MFrr.jpg,,meirl,42
post,tt7d40,2s5ti,meirl,false,1648754275,https://old.reddit.com/r/meirl/comments/tt7d40/meirl/,i.imgur.com,https://i.imgur.com/LVGO7ur.jpg,,meirl,188
post,tt7cmz,2s5ti,meirl,false,1648754237,https://old.reddit.com/r/meirl/comments/tt7cmz/meirl/,i.imgur.com,https://i.imgur.com/Swv97H0.jpg,,meirl,57
post,tt7cfy,2s5ti,meirl,false,1648754221,https://old.reddit.com/r/meirl/comments/tt7cfy/meirl/,i.imgur.com,https://i.imgur.com/u5G5w90.jpg,,meirl,1
post,tt7cg7,2s5ti,meirl,false,1648754221,https://old.reddit.com/r/meirl/comments/tt7cg7/meirl/,i.imgur.com,https://i.imgur.com/ikdj6ml.jpg,,meirl,68
post,tt7cew,2s5ti,meirl,false,1648754219,https://old.reddit.com/r/meirl/comments/tt7cew/meirl/,i.imgur.com,https://i.imgur.com/bURo7f3.jpg,,meirl,1
post,tt7cez,2s5ti,meirl,false,1648754219,https://old.reddit.com/r/meirl/comments/tt7cez/meirl/,i.imgur.com,https://i.imgur.com/Lw6LPoE.jpg,,meirl,232
post,tt7c5g,2s5ti,meirl,false,1648754197,https://old.reddit.com/r/meirl/comments/tt7c5g/meirl/,i.imgur.com,https://i.imgur.com/5xxrwEv.jpg,,meirl,1
post,tt7c3h,2s5ti,meirl,false,1648754194,https://old.reddit.com/r/meirl/comments/tt7c3h/meirl/,i.imgur.com,https://i.imgur.com/cTG5tt2.jpg,,meirl,135
post,tt7c2h,2s5ti,meirl,false,1648754191,https://old.reddit.com/r/meirl/comments/tt7c2h/meirl/,i.imgur.com,https://i.imgur.com/5ldIjmg.jpg,,meirl,535
post,tt7apz,2s5ti,meirl,false,1648754090,https://old.reddit.com/r/meirl/comments/tt7apz/me_irl/,i.redd.it,https://i.redd.it/jfwajwuuqrq81.jpg,,me_irl,45
post,tt79p6,2s5ti,meirl,false,1648754012,https://old.reddit.com/r/meirl/comments/tt79p6/me_irl/,i.redd.it,,[deleted],me_irl,1
post,tt79az,2s5ti,meirl,false,1648753982,https://old.reddit.com/r/meirl/comments/tt79az/meirl/,i.redd.it,https://i.redd.it/um067j9kqrq81.jpg,,Meirl,152
post,tt75z4,2s5ti,meirl,false,1648753727,https://old.reddit.com/r/meirl/comments/tt75z4/meirl/,i.redd.it,https://i.redd.it/h1wcjarsprq81.jpg,,meirl,81
post,tt6yb1,2s5ti,meirl,false,1648753149,https://old.reddit.com/r/meirl/comments/tt6yb1/meirl/,i.redd.it,,[deleted],meirl,1
post,tt6u36,2s5ti,meirl,false,1648752812,https://old.reddit.com/r/meirl/comments/tt6u36/meirl/,i.redd.it,https://i.redd.it/h6sa1e03nrq81.jpg,,meirl,1
post,tt6rfs,2s5ti,meirl,false,1648752611,https://old.reddit.com/r/meirl/comments/tt6rfs/me_irl/,i.redd.it,https://i.redd.it/hef02zihmrq81.jpg,,Me_irl,0
post,tt6k9l,2s5ti,meirl,false,1648752064,https://old.reddit.com/r/meirl/comments/tt6k9l/meirl/,i.redd.it,https://i.redd.it/t2djlx2vkrq81.jpg,,meirl,80
post,tt6jzh,2s5ti,meirl,false,1648752042,https://old.reddit.com/r/meirl/comments/tt6jzh/meirl/,i.redd.it,https://i.redd.it/kfit8okskrq81.jpg,,meirl,18
post,tt6i8f,2s5ti,meirl,false,1648751919,https://old.reddit.com/r/meirl/comments/tt6i8f/me_irl/,i.imgur.com,https://i.imgur.com/abS4y4A.jpg,,Me irl,2
post,tt6hta,2s5ti,meirl,false,1648751888,https://old.reddit.com/r/meirl/comments/tt6hta/meirl/,i.redd.it,https://i.redd.it/hcs8p3ackrq81.jpg,,meirl,0
post,tt6h3v,2s5ti,meirl,false,1648751836,https://old.reddit.com/r/meirl/comments/tt6h3v/meirl_hahahaha_big_sed_kickin_in_123_kaboom/,i.redd.it,,[deleted],meirl hahahaha big sed kickin' in 1..2..3.. KABOOM!,1
post,tt6gx0,2s5ti,meirl,false,1648751822,https://old.reddit.com/r/meirl/comments/tt6gx0/meirl/,i.redd.it,,[deleted],meirl,0
post,tt6gc8,2s5ti,meirl,false,1648751775,https://old.reddit.com/r/meirl/comments/tt6gc8/the_only_way_possible/,i.redd.it,,[deleted],The Only Way Possible,1
post,tt6fcn,2s5ti,meirl,false,1648751701,https://old.reddit.com/r/meirl/comments/tt6fcn/meirl/,i.redd.it,,[deleted],meirl,1
post,tt6da0,2s5ti,meirl,false,1648751550,https://old.reddit.com/r/meirl/comments/tt6da0/hahahaha_big_sed_kickin_in_123/,i.redd.it,,[deleted],hahahaha big sed kickin' in 1..2..3..,1
post,tt6ajk,2s5ti,meirl,false,1648751361,https://old.reddit.com/r/meirl/comments/tt6ajk/meirl/,i.redd.it,https://i.redd.it/r2itsbnrirq81.jpg,,MeðŸŽ®irl,138
post,tt5h0h,2s5ti,meirl,false,1648749151,https://old.reddit.com/r/meirl/comments/tt5h0h/meirl/,i.redd.it,https://i.redd.it/kiiazla7crq81.jpg,,Meirl,11
post,tt5aas,2s5ti,meirl,false,1648748647,https://old.reddit.com/r/meirl/comments/tt5aas/meirl/,i.redd.it,,[deleted],Meirl,54775
post,tt58mi,2s5ti,meirl,false,1648748518,https://old.reddit.com/r/meirl/comments/tt58mi/meirl/,i.redd.it,,[deleted],Meirl,2
post,tt5588,2s5ti,meirl,false,1648748269,https://old.reddit.com/r/meirl/comments/tt5588/meirl/,i.redd.it,https://i.redd.it/345lgiw8ieq61.jpg,,meirl;,1
post,tt51bl,2s5ti,meirl,false,1648747970,https://old.reddit.com/r/meirl/comments/tt51bl/me_irl/,i.redd.it,,[deleted],me irl,10
post,tt4z7u,2s5ti,meirl,false,1648747806,https://old.reddit.com/r/meirl/comments/tt4z7u/me_irl/,i.redd.it,https://i.redd.it/ylv4oq478rq81.jpg,,Me irl,1
